INSERT INTO Organizer (Organizer_Id, Name, Email, Phone_Number, Password) VALUES
(1, 'Graphic Era Deemed To Be University', 'enquiry@geu.ac.in', '7088119995', 'admin123');

INSERT INTO Venue VALUES (20001, 'Btech Auditorium', 'Btech Block', 1000),
(20002, 'CSIT Auditorium', 'Csit Block', 250),
(20003, 'Main Ground', 'Btech Ground', 3000),
(20004, 'New Lab 1', 'Csit Block', 100),
(20005, 'New Lab 2', 'Csit Block', 100),
(20006, 'New Lab 3', 'Csit Block', 100);

INSERT INTO Vendors (Vendor_Id, Name, Email, Phone_Number, Service_Type) VALUES
(30201, 'Tasty Catering', 'tasty@vendors.com', '9200000001', 'Catering'),
(30202, 'Gourmet Bites', 'gourmet@vendors.com', '9200000002', 'Catering'),
(30203, 'QuickEats', 'quick@vendors.com', '9200000003', 'Catering'),
(30204, 'SecureNow', 'secure@vendors.com', '9200000004', 'Security'),
(30205, 'Shield Guards', 'shield@vendors.com', '9200000005', 'Security'),
(30206, 'SoundWave', 'sound@vendors.com', '9200000006', 'Sound'),
(30207, 'BrightLights', 'lights@vendors.com', '9200000007', 'Lighting'),
(30208, 'StageCraft', 'stage@vendors.com', '9200000008', 'Stage'),
(30209, 'WarmWelcome', 'welcome@vendors.com', '9200000009', 'Hospitality'),
(30210, 'MoveIt Logistics', 'log@vendors.com', '9200000010', 'Logistics'),
(30211, 'ShiningLights', 'shine@vendors.com', '9200000011', 'Lighting'),
(30212, 'Apex Security Solutions', 'contact@apexsec.com', '9200000012', 'Security'),
(30213, 'StageCraft Lighting', 'tech@stagecraft.com', '9200000013', 'Technical Production'),
(30214, 'Atlas Sound Systems', 'sound@atlas.com', '9200000014', 'Audio/Visual'),
(30215, 'Zenith Transportation', 'logistics@zenith.com', '9200000015', 'Logistics'),
(30216, 'Digital Media Hub', 'dmh@digital.com', '9200000016', 'Marketing & A/V'),
(30217, 'Eco Waste Management', 'waste@eco.com', '9200000017', 'Cleaning & Disposal');


INSERT INTO Attendees (Attendee_Id, Name, Email, Phone_Number, Password) VALUES
(40001, 'Dido Giller', 'dgiller0@pen.io', '7289432261', 'attendee123'),
(40002, 'Tracy Mechi', 'tmechi1@flavors.me', '6164067961', 'attendee123'),
(40003, 'Lainey Klimmek', 'lklimmek2@wisc.edu', '3102265472', 'attendee123'),
(40004, 'Milena Buttriss', 'mbuttriss3@wisc.edu', '3604645645', 'attendee123'),
(40005, 'Karrie Dawdry', 'kdawdry4@illinois.edu', '6791237641', 'attendee123'),
(40006, 'Melba Forsdike', 'mforsdike5@dedecms.com', '3582851324', 'attendee123'),
(40007, 'Clair Elnor', 'celnor6@fema.gov', '7875207273', 'attendee123'),
(40008, 'Megan Gornar', 'mgornar7@cdc.gov', '2237253760', 'attendee123'),
(40009, 'Leigha Alphege', 'lalphege8@blog.com', '6099881478', 'attendee123'),
(40010, 'Shelby Abreheart', 'sabreheart9@indiegogo.com', '3202086010', 'attendee123'),
(40011, 'Marcy Eddowes', 'meddowesa@ovh.net', '8542229848', 'attendee123'),
(40012, 'Camile Prestwich', 'cprestwichb@w3.org', '1096118579', 'attendee123'),
(40013, 'Lion Stowe', 'lstowec@ifeng.com', '8033786495', 'attendee123'),
(40014, 'Ferdinanda Douglass', 'fdouglassd@home.pl', '3154354080', 'attendee123'),
(40015, 'Barris Waind', 'bwainde@photobucket.com', '1652297417', 'attendee123'),
(40016, 'Wilbur Bolesworth', 'wbolesworthf@naver.com', '9724890243', 'attendee123'),
(40017, 'Yvor Dunsleve', 'ydunsleveg@unesco.org', '3469797535', 'attendee123'),
(40018, 'Caralie Earwaker', 'cearwakerh@bizjournals.com', '2729757028', 'attendee123'),
(40019, 'Reamonn Lutsch', 'rlutschi@simplemachines.org', '2426417310', 'attendee123'),
(40020, 'Gabi Hubbucke', 'ghubbuckej@sourceforge.net', '1012998915', 'attendee123'),
(40021, 'Corabelle Holdren', 'choldrenk@google.fr', '9622700868', 'attendee123'),
(40022, 'Antoni O''Dyvoy', 'aodyvoyl@prlog.org', '4762622584', 'attendee123'),
(40023, 'Ronnie Tomaszynski', 'rtomaszynskim@t.co', '9957214710', 'attendee123'),
(40024, 'Bryce Ribey', 'bribeyn@phpbb.com', '3763453332', 'attendee123'),
(40025, 'Nesta MacNulty', 'nmacnultyo@weather.com', '2758342331', 'attendee123'),
(40026, 'Reeva Hewins', 'rhewinsp@simplemachines.org', '4396039456', 'attendee123'),
(40027, 'Cristina Shatliff', 'cshatliffq@blogs.com', '8231725617', 'attendee123'),
(40028, 'Arlyn January', 'ajanuaryr@ustream.tv', '2842579468', 'attendee123'),
(40029, 'Teddy Cashin', 'tcashins@phpbb.com', '6102126856', 'attendee123'),
(40030, 'Julio Iacobetto', 'jiacobettot@jimdo.com', '3657999272', 'attendee123'),
(40031, 'Marie-jeanne Lahive', 'mlahiveu@latimes.com', '5321315978', 'attendee123'),
(40032, 'Nicko Sellars', 'nsellarsv@chron.com', '3127358792', 'attendee123'),
(40033, 'Israel Ebbing', 'iebbingw@techcrunch.com', '9058393976', 'attendee123'),
(40034, 'Barbi Brettelle', 'bbrettellex@bloglovin.com', '3116738149', 'attendee123'),
(40035, 'Ami M''Quharge', 'amquhargey@smh.com.au', '8622576070', 'attendee123'),
(40036, 'Rossie Faers', 'rfaersz@nbcnews.com', '8356534435', 'attendee123'),
(40037, 'Amitie Gillani', 'agillani10@netlog.com', '2854057136', 'attendee123'),
(40038, 'Glori Darwen', 'gdarwen11@ovh.net', '1217295347', 'attendee123'),
(40039, 'Alvin Earey', 'aearey12@army.mil', '4785255460', 'attendee123'),
(40040, 'Lonnard Bredbury', 'lbredbury13@domainmarket.com', '9358141114', 'attendee123'),
(40041, 'Anya Flatt', 'aflatt14@patch.com', '7869229468', 'attendee123'),
(40042, 'Saul Grishkov', 'sgrishkov15@yolasite.com', '3784348040', 'attendee123'),
(40043, 'Atlanta Simmig', 'asimmig16@nationalgeographic.com', '9115585867', 'attendee123'),
(40044, 'Justin Raymont', 'jraymont17@yelp.com', '7291332631', 'attendee123'),
(40045, 'Manda Hatherleigh', 'mhatherleigh18@eventbrite.com', '5356810936', 'attendee123'),
(40046, 'Wynn Rossbrook', 'wrossbrook19@godaddy.com', '1931611785', 'attendee123'),
(40047, 'Barde Cossons', 'bcossons1a@google.com.hk', '6197721249', 'attendee123'),
(40048, 'Laureen Frood', 'lfrood1b@reuters.com', '3923289756', 'attendee123'),
(40049, 'Cleopatra Connochie', 'cconnochie1c@diigo.com', '5308795430', 'attendee123'),
(40050, 'Lannie Snar', 'lsnar1d@dmoz.org', '2794869961', 'attendee123'),
(40051, 'Edith Arber', 'earber1e@etsy.com', '9918918297', 'attendee123'),
(40052, 'Winni Jeffryes', 'wjeffryes1f@last.fm', '5606024245', 'attendee123'),
(40053, 'Kally Threlfall', 'kthrelfall1g@ibm.com', '7036594469', 'attendee123'),
(40054, 'Florencia Bedome', 'fbedome1h@baidu.com', '6863795656', 'attendee123'),
(40055, 'Liam Willcot', 'lwillcot1i@quantcast.com', '1719669520', 'attendee123'),
(40056, 'Marcia Rodrigo', 'mrodrigo1j@hexun.com', '3482179338', 'attendee123'),
(40057, 'Myrtie Golsby', 'mgolsby1k@opera.com', '6862516457', 'attendee123'),
(40058, 'Sara-ann Kimbury', 'skimbury1l@sciencedaily.com', '7686779150', 'attendee123'),
(40059, 'Gard Hamprecht', 'ghamprecht1m@163.com', '7242351112', 'attendee123'),
(40060, 'Tandie Blakeden', 'tblakeden1n@princeton.edu', '4484928349', 'attendee123'),
(40061, 'Giffie Jaye', 'gjaye1o@mysql.com', '2103430193', 'attendee123'),
(40062, 'Brennen Hynson', 'bhynson1p@alibaba.com', '2135841365', 'attendee123'),
(40063, 'Winona Salvidge', 'wsalvidge1q@washington.edu', '5236608885', 'attendee123'),
(40064, 'Peirce Fluin', 'pfluin1r@macromedia.com', '4958449687', 'attendee123'),
(40065, 'Ettie Marquet', 'emarquet1s@photobucket.com', '2776895722', 'attendee123'),
(40066, 'Liza Seabrocke', 'lseabrocke1t@earthlink.net', '5918125716', 'attendee123'),
(40067, 'Fifine Bulpitt', 'fbulpitt1u@hugedomains.com', '2164241301', 'attendee123'),
(40068, 'Bail Godfree', 'bgodfree1v@ameblo.jp', '1725131578', 'attendee123'),
(40069, 'Angele Stuchbury', 'astuchbury1w@berkeley.edu', '3413617708', 'attendee123'),
(40070, 'Bel Yeardley', 'byeardley1x@hibu.com', '2474354131', 'attendee123'),
(40071, 'Britney Dyde', 'bdyde1y@amazon.co.uk', '6246628147', 'attendee123'),
(40072, 'Roobbie Olive', 'rolive1z@webs.com', '1029684445', 'attendee123'),
(40073, 'Hewet Gounin', 'hgounin20@php.net', '3956472122', 'attendee123'),
(40074, 'Angie Gullan', 'agullan21@sfgate.com', '1396484164', 'attendee123'),
(40075, 'Rutherford Wolfe', 'rwolfe22@tinypic.com', '8562135309', 'attendee123'),
(40076, 'Janeen Trainer', 'jtrainer23@mapy.cz', '1822329924', 'attendee123'),
(40077, 'Francoise Penright', 'fpenright24@huffingtonpost.com', '2414351771', 'attendee123'),
(40078, 'Freddy Abry', 'fabry25@youtu.be', '4776052570', 'attendee123'),
(40079, 'Nikolas Swadden', 'nswadden26@abc.net.au', '3649519074', 'attendee123'),
(40080, 'Lissi Cubbin', 'lcubbin27@multiply.com', '1888177691', 'attendee123'),
(40081, 'Faith Rubinivitz', 'frubinivitz28@alibaba.com', '5446641702', 'attendee123'),
(40082, 'Adamo Van Ross', 'avan29@reddit.com', '3393747145', 'attendee123'),
(40083, 'Orazio Thireau', 'othireau2a@163.com', '9894116299', 'attendee123'),
(40084, 'Justen Shillinglaw', 'jshillinglaw2b@tinyurl.com', '7856042666', 'attendee123'),
(40085, 'Nessy Juggings', 'njuggings2c@zimbio.com', '2797778627', 'attendee123'),
(40086, 'Scarface Groucutt', 'sgroucutt2d@epa.gov', '8322832383', 'attendee123'),
(40087, 'Doe Colebeck', 'dcolebeck2e@miitbeian.gov.cn', '7948586149', 'attendee123'),
(40088, 'Lamond Spurrior', 'lspurrior2f@youtu.be', '8144866082', 'attendee123'),
(40089, 'Nikolaos Burtonwood', 'nburtonwood2g@answers.com', '9638029363', 'attendee123'),
(40090, 'Redford Sesons', 'rsesons2h@pinterest.com', '6719316776', 'attendee123'),
(40091, 'Kasper Hadny', 'khadny2i@cafepress.com', '2221398363', 'attendee123'),
(40092, 'Kristo Nelle', 'knelle2j@mac.com', '5639193804', 'attendee123'),
(40093, 'Rayshell Cary', 'rcary2k@msn.com', '8707342230', 'attendee123'),
(40094, 'Tomi Widmore', 'twidmore2l@simplemachines.org', '9607571606', 'attendee123'),
(40095, 'Kaylil Matthesius', 'kmatthesius2m@amazonaws.com', '8811940718', 'attendee123'),
(40096, 'Roosevelt Truckell', 'rtruckell2n@ameblo.jp', '1985228465', 'attendee123'),
(40097, 'Pedro Woollends', 'pwoollends2o@npr.org', '1054175322', 'attendee123'),
(40098, 'Celinka Housecraft', 'chousecraft2p@bandcamp.com', '7611539160', 'attendee123'),
(40099, 'Berri Spurryer', 'bspurryer2q@privacy.gov.au', '1548516429', 'attendee123'),
(40100, 'Sterling Cockling', 'scockling2r@wikimedia.org', '2549754859', 'attendee123');


INSERT INTO Event (Event_Id, Event_Name, Event_Description, Organizer_Id) VALUES
(50001, 'College Fest 2025', 'Annual cultural and technical festival with workshops, DJ nights and concerts', 1);

INSERT INTO Schedule (Schedule_Id, Event_Id, Session_Name, Session_Date, Start_Time, End_Time, Session_Organizer, Venue_Id) VALUES
(60001, 50001, 'AI for Everyone: Intro to Machine Learning', '2025-12-10', '09:00:00', '11:00:00', 'Tech Innovators Club', 20004),
(60002, 50001, 'Design Thinking Bootcamp', '2025-12-10', '11:30:00', '13:30:00', 'E-Cell', 20005),
(60003, 50001, 'Photography & Visual Storytelling', '2025-12-10', '14:00:00', '16:00:00', 'LensCraft Club', 20002),
(60004, 50001, 'Ethical Hacking 101', '2025-12-11', '09:00:00', '11:00:00', 'CyberSecurity Society', 20006),
(60005, 50001, 'Public Speaking & Communication Mastery', '2025-12-11', '11:30:00', '13:30:00', 'Debate and Oratory Club', 20001),
(60006, 50001, 'Building Your First Android App', '2025-12-11', '14:00:00', '16:00:00', 'CodeLabs Club', 20004),
(60007, 50001, '3D Printing and Prototyping', '2025-12-12', '09:00:00', '11:00:00', 'Robotics Club', 20005),
(60008, 50001, 'Creative Writing & Poetry Jam', '2025-12-12', '11:30:00', '13:30:00', 'Literary Society', 20002),
(60009, 50001, 'Financial Literacy & Stock Market Basics', '2025-12-12', '14:00:00', '16:00:00', 'Finance and Economics Club', 20006),
(60010, 50001, 'EDM Fiesta 2025 (DJ Nova)', '2025-12-10', '18:00:00', '20:00:00', 'Graphic Era Deemed To Be University', 20003),
(60011, 50001, 'Neon Beats Night (DJ Reverb)', '2025-12-11', '18:00:00', '20:00:00', 'Graphic Era Deemed To Be University', 20003),
(60012, 50001, 'Bassline Blast (DJ Axen)', '2025-12-12', '18:00:00', '20:00:00', 'Graphic Era Deemed To Be University', 20003),
(60013, 50001, 'Soul Strings Live (Aarav Mehta)', '2025-12-10', '20:30:00', '22:30:00', 'Graphic Era Deemed To Be University', 20003),
(60014, 50001, 'Rhythm & Harmony Night (Ishita Rao)', '2025-12-11', '20:30:00', '22:30:00', 'Graphic Era Deemed To Be University', 20003),
(60015, 50001, 'Bollywood Unplugged (Rohan Kapoor)', '2025-12-12', '20:30:00', '22:30:00', 'Graphic Era Deemed To Be University', 20003);


INSERT INTO Tasks (Task_Id, Name, Status, Event_Id, Schedule_Id) VALUES
(71001, 'Security', 'Pending', 50001, 60001),
(71002, 'Catering', 'Pending', 50001, 60001),
(71003, 'Security', 'Pending', 50001, 60002),
(71004, 'Catering', 'Pending', 50001, 60002),
(71005, 'AV Setup', 'Pending', 50001, 60002),
(71006, 'Security', 'Pending', 50001, 60003),
(71007, 'Catering', 'Pending', 50001, 60003),
(71008, 'Security', 'Pending', 50001, 60004),
(71009, 'Catering', 'Pending', 50001, 60004),
(71010, 'AV Setup', 'Pending', 50001, 60004),
(71011, 'Security', 'Pending', 50001, 60005),
(71012, 'Catering', 'Pending', 50001, 60005),
(71013, 'Security', 'Pending', 50001, 60006),
(71014, 'Catering', 'Pending', 50001, 60006),
(71015, 'AV Setup', 'Pending', 50001, 60006),
(71016, 'Security', 'Pending', 50001, 60007),
(71017, 'Catering', 'Pending', 50001, 60007),
(71018, 'Security', 'Pending', 50001, 60008),
(71019, 'Catering', 'Pending', 50001, 60008),
(71020, 'Setup & Props', 'Pending', 50001, 60008),
(71021, 'Security', 'Pending', 50001, 60009),
(71022, 'Catering', 'Pending', 50001, 60009),
(71023, 'Security', 'Pending', 50001, 60010),
(71024, 'Catering', 'Pending', 50001, 60010),
(71025, 'Sound', 'Pending', 50001, 60010),
(71026, 'Lighting', 'Pending', 50001, 60010),
(71027, 'Stage', 'Pending', 50001, 60010),
(71028, 'Security', 'Pending', 50001, 60011),
(71029, 'Catering', 'Pending', 50001, 60011),
(71030, 'Sound', 'Pending', 50001, 60011),
(71031, 'Lighting', 'Pending', 50001, 60011),
(71032, 'Stage', 'Pending', 50001, 60011),
(71033, 'Security', 'Pending', 50001, 60012),
(71034, 'Catering', 'Pending', 50001, 60012),
(71035, 'Sound', 'Pending', 50001, 60012),
(71036, 'Lighting', 'Pending', 50001, 60012),
(71037, 'Stage', 'Pending', 50001, 60012),
(71038, 'Security', 'Pending', 50001, 60013),
(71039, 'Catering', 'Pending', 50001, 60013),
(71040, 'Sound', 'Pending', 50001, 60013),
(71041, 'Lighting', 'Pending', 50001, 60013),
(71042, 'Stage', 'Pending', 50001, 60013),
(71043, 'Security', 'Pending', 50001, 60014),
(71044, 'Catering', 'Pending', 50001, 60014),
(71045, 'Sound', 'Pending', 50001, 60014),
(71046, 'Lighting', 'Pending', 50001, 60014),
(71047, 'Security', 'Pending', 50001, 60015),
(71048, 'Catering', 'Pending', 50001, 60015),
(71049, 'Sound', 'Pending', 50001, 60015),
(71050, 'Lighting', 'Pending', 50001, 60015),
(71051, 'Stage', 'Pending', 50001, 60015);

INSERT INTO Budget_Items (Budget_Item_Id, Task_Id, Name, Allocated_Amount, Actual_Amount_Spent, Vendor_Id) VALUES
(82001, 71001, 'Security Services', 320.00, 0.00, 30204),
(82002, 71002, 'Catering - Main Combo', 650.00, 0.00, 30201),
(82003, 71002, 'Catering - Snacks & Drinks', 350.00, 0.00, 30202),

(82004, 71003, 'Security Services', 330.00, 0.00, 30205),
(82005, 71004, 'Catering - Buffet', 700.00, 0.00, 30201),
(82006, 71004, 'Catering - Beverages', 300.00, 0.00, 30203),
(82007, 71005, 'AV Technician', 250.00, 0.00, 30206),

(82008, 71006, 'Security Services', 310.00, 0.00, 30204),
(82009, 71007, 'Catering - Light Lunch', 480.00, 0.00, 30202),

(82010, 71008, 'Security Services', 340.00, 0.00, 30212),
(82011, 71009, 'Catering - Lunch Service', 720.00, 0.00, 30201),
(82012, 71009, 'Catering - Desserts', 280.00, 0.00, 30203),
(82013, 71010, 'AV & Microphone Setup', 300.00, 0.00, 30214),

(82014, 71011, 'Security Services', 300.00, 0.00, 30205),
(82015, 71012, 'Catering - Tea & Snacks', 420.00, 0.00, 30202),

(82016, 71013, 'Security Services', 325.00, 0.00, 30204),
(82017, 71014, 'Catering - Workshop Meals', 600.00, 0.00, 30201),
(82018, 71015, 'AV Technician', 260.00, 0.00, 30206),

(82019, 71016, 'Security Services', 310.00, 0.00, 30212),
(82020, 71017, 'Catering - Quick Bites', 450.00, 0.00, 30203),

(82021, 71018, 'Security Services', 305.00, 0.00, 30205),
(82022, 71019, 'Catering - Afternoon Service', 520.00, 0.00, 30201),
(82023, 71020, 'Props & Setup', 220.00, 0.00, 30208),

(82024, 71021, 'Security Services', 300.00, 0.00, 30204),
(82025, 71022, 'Catering - Seminar Refreshments', 470.00, 0.00, 30202),


(82026, 71023, 'Security Services', 900.00, 0.00, 30212),
(82027, 71024, 'Catering - Event Catering', 4200.00, 0.00, 30201),
(82028, 71024, 'Catering - Drinks & Bars', 1800.00, 0.00, 30202),
(82029, 71025, 'Sound System Main', 4500.00, 0.00, 30214),
(82030, 71025, 'Sound - FOH Technician', 1200.00, 0.00, 30206),
(82031, 71026, 'Lighting Rig', 3200.00, 0.00, 30207),
(82032, 71026, 'Lighting - Additional', 900.00, 0.00, 30211),
(82033, 71027, 'Stage Build & Rigging', 2500.00, 0.00, 30208),
(82034, 71027, 'Stage - Specialty Lighting', 800.00, 0.00, 30213),
(82035, 71027, 'Logistics - Load-in/out', 700.00, 0.00, 30210),

(82036, 71028, 'Security Services', 850.00, 0.00, 30204),
(82037, 71029, 'Catering - VIP & Backstage', 2600.00, 0.00, 30201),
(82038, 71029, 'Catering - Public Stalls', 1500.00, 0.00, 30203),
(82039, 71030, 'Sound - System & Technicians', 3800.00, 0.00, 30206),
(82040, 71031, 'Lighting - Main Setup', 2900.00, 0.00, 30207),
(82041, 71032, 'Stage - Scenic & Safety', 2100.00, 0.00, 30213),
(82042, 71032, 'Logistics - Artist Transport', 650.00, 0.00, 30215),

(82043, 71033, 'Security Services', 920.00, 0.00, 30205),
(82044, 71034, 'Catering - Street Food Pods', 2000.00, 0.00, 30202),
(82045, 71035, 'Sound - Line Array', 4700.00, 0.00, 30214),
(82046, 71035, 'Sound - Monitor Systems', 1100.00, 0.00, 30206),
(82047, 71036, 'Lighting - Concert Rig', 3300.00, 0.00, 30211),
(82048, 71037, 'Stage - Canopy & Rig', 2800.00, 0.00, 30208),
(82049, 71037, 'Stage - Roadcases & Transport', 900.00, 0.00, 30210),

(82050, 71038, 'Security Services', 1000.00, 0.00, 30212),
(82051, 71039, 'Catering - Hospitality & Artist Riders', 3200.00, 0.00, 30209),
(82052, 71039, 'Catering - Guest Buffet', 1500.00, 0.00, 30201),
(82053, 71040, 'Sound - Acoustic Tuning', 4000.00, 0.00, 30214),
(82054, 71041, 'Lighting - Mood & Stage', 2600.00, 0.00, 30207),
(82055, 71042, 'Stage - Acoustic Shell & Setup', 2400.00, 0.00, 30213),
(82056, 71042, 'Logistics - Artist Vans', 800.00, 0.00, 30215),

(82057, 71043, 'Security Services', 950.00, 0.00, 30204),
(82058, 71044, 'Catering - Premium Service', 2800.00, 0.00, 30202),
(82059, 71045, 'Sound - FOH & Monitors', 3600.00, 0.00, 30206),
(82060, 71046, 'Lighting - Special Effects', 2700.00, 0.00, 30211),

(82061, 71047, 'Security Services', 980.00, 0.00, 30205),
(82062, 71048, 'Catering - Regional Cuisine', 3000.00, 0.00, 30203),
(82063, 71048, 'Catering - Guest Riders', 1400.00, 0.00, 30209),
(82064, 71049, 'Sound - Live Acoustic PA', 4200.00, 0.00, 30214),
(82065, 71050, 'Lighting - Acoustic Ambience', 2400.00, 0.00, 30207),
(82066, 71051, 'Stage - Traditional Props & Setup', 2600.00, 0.00, 30213),
(82067, 71051, 'Logistics - Equipment Transport', 900.00, 0.00, 30215);

INSERT INTO Registrations (Registration_Id, Attendee_Id, Schedule_Id, Registration_Date) VALUES
(90001, 40001, 60005, '2025-11-30'),
(90002, 40001, 60010, '2025-11-28'),
(90003, 40001, 60011, '2025-11-28'),
(90004, 40001, 60012, '2025-11-30'),
(90005, 40001, 60013, '2025-11-29'),
(90006, 40001, 60014, '2025-11-28'),
(90007, 40001, 60015, '2025-11-28'),
(90008, 40002, 60009, '2025-11-28'),
(90009, 40002, 60010, '2025-11-30'),
(90010, 40002, 60011, '2025-11-28'),
(90011, 40002, 60012, '2025-11-30'),
(90012, 40002, 60013, '2025-11-30'),
(90013, 40002, 60014, '2025-11-30'),
(90014, 40002, 60015, '2025-11-28'),
(90015, 40003, 60004, '2025-11-30'),
(90016, 40003, 60010, '2025-11-29'),
(90017, 40003, 60011, '2025-11-28'),
(90018, 40003, 60012, '2025-11-28'),
(90019, 40003, 60013, '2025-11-28'),
(90020, 40003, 60014, '2025-11-28'),
(90021, 40003, 60015, '2025-11-28'),
(90022, 40004, 60008, '2025-11-30'),
(90023, 40004, 60010, '2025-11-30'),
(90024, 40004, 60011, '2025-11-28'),
(90025, 40004, 60012, '2025-11-30'),
(90026, 40004, 60013, '2025-11-28'),
(90027, 40004, 60014, '2025-11-30'),
(90028, 40004, 60015, '2025-11-30'),
(90029, 40005, 60003, '2025-11-30'),
(90030, 40005, 60010, '2025-11-30'),
(90031, 40005, 60011, '2025-11-29'),
(90032, 40005, 60012, '2025-11-28'),
(90033, 40005, 60013, '2025-11-29'),
(90034, 40005, 60014, '2025-11-30'),
(90035, 40005, 60015, '2025-11-29'),
(90036, 40006, 60007, '2025-11-28'),
(90037, 40006, 60010, '2025-11-28'),
(90038, 40006, 60011, '2025-11-30'),
(90039, 40006, 60012, '2025-11-29'),
(90040, 40006, 60013, '2025-11-29'),
(90041, 40006, 60014, '2025-11-29'),
(90042, 40006, 60015, '2025-11-28'),
(90043, 40007, 60002, '2025-11-28'),
(90044, 40007, 60010, '2025-11-29'),
(90045, 40007, 60011, '2025-11-28'),
(90046, 40007, 60012, '2025-11-28'),
(90047, 40007, 60013, '2025-11-29'),
(90048, 40007, 60014, '2025-11-28'),
(90049, 40007, 60015, '2025-11-29'),
(90050, 40008, 60010, '2025-11-29'),
(90051, 40008, 60011, '2025-11-30'),
(90052, 40008, 60012, '2025-11-29'),
(90053, 40008, 60013, '2025-11-28'),
(90054, 40008, 60014, '2025-11-30'),
(90055, 40008, 60015, '2025-11-29'),
(90056, 40009, 60010, '2025-11-30'),
(90057, 40009, 60011, '2025-11-28'),
(90058, 40009, 60012, '2025-11-29'),
(90059, 40009, 60013, '2025-11-28'),
(90060, 40009, 60014, '2025-11-30'),
(90061, 40009, 60015, '2025-11-29'),
(90062, 40010, 60010, '2025-11-30'),
(90063, 40010, 60011, '2025-11-30'),
(90064, 40010, 60012, '2025-11-29'),
(90065, 40010, 60013, '2025-11-30'),
(90066, 40010, 60014, '2025-11-28'),
(90067, 40010, 60015, '2025-11-30'),
(90068, 40011, 60009, '2025-11-28'),
(90069, 40011, 60010, '2025-11-28'),
(90070, 40011, 60011, '2025-11-30'),
(90071, 40011, 60012, '2025-11-28'),
(90072, 40011, 60013, '2025-11-29'),
(90073, 40011, 60014, '2025-11-28'),
(90074, 40011, 60015, '2025-11-28'),
(90075, 40012, 60004, '2025-11-28'),
(90076, 40012, 60010, '2025-11-29'),
(90077, 40012, 60011, '2025-11-29'),
(90078, 40012, 60012, '2025-11-29'),
(90079, 40012, 60013, '2025-11-30'),
(90080, 40012, 60014, '2025-11-29'),
(90081, 40012, 60015, '2025-11-28'),
(90082, 40013, 60008, '2025-11-29'),
(90083, 40013, 60010, '2025-11-29'),
(90084, 40013, 60011, '2025-11-28'),
(90085, 40013, 60012, '2025-11-30'),
(90086, 40013, 60013, '2025-11-29'),
(90087, 40013, 60014, '2025-11-30'),
(90088, 40013, 60015, '2025-11-30'),
(90089, 40014, 60003, '2025-11-30'),
(90090, 40014, 60010, '2025-11-28'),
(90091, 40014, 60011, '2025-11-30'),
(90092, 40014, 60012, '2025-11-30'),
(90093, 40014, 60013, '2025-11-28'),
(90094, 40014, 60014, '2025-11-30'),
(90095, 40014, 60015, '2025-11-30'),
(90096, 40015, 60007, '2025-11-28'),
(90097, 40015, 60010, '2025-11-28'),
(90098, 40015, 60011, '2025-11-29'),
(90099, 40015, 60012, '2025-11-29'),
(90100, 40015, 60013, '2025-11-29'),
(90101, 40015, 60014, '2025-11-30'),
(90102, 40015, 60015, '2025-11-30'),
(90103, 40016, 60002, '2025-11-30'),
(90104, 40016, 60010, '2025-11-28'),
(90105, 40016, 60011, '2025-11-30'),
(90106, 40016, 60012, '2025-11-29'),
(90107, 40016, 60013, '2025-11-28'),
(90108, 40016, 60014, '2025-11-28'),
(90109, 40016, 60015, '2025-11-28'),
(90110, 40017, 60006, '2025-11-29'),
(90111, 40017, 60010, '2025-11-29'),
(90112, 40017, 60011, '2025-11-29'),
(90113, 40017, 60012, '2025-11-28'),
(90114, 40017, 60013, '2025-11-28'),
(90115, 40017, 60014, '2025-11-30'),
(90116, 40017, 60015, '2025-11-30'),
(90117, 40018, 60010, '2025-11-29'),
(90118, 40018, 60011, '2025-11-28'),
(90119, 40018, 60012, '2025-11-30'),
(90120, 40018, 60013, '2025-11-29'),
(90121, 40018, 60014, '2025-11-29'),
(90122, 40018, 60015, '2025-11-30'),
(90123, 40019, 60010, '2025-11-29'),
(90124, 40019, 60011, '2025-11-28'),
(90125, 40019, 60012, '2025-11-29'),
(90126, 40019, 60013, '2025-11-28'),
(90127, 40019, 60014, '2025-11-28'),
(90128, 40019, 60015, '2025-11-30'),
(90129, 40020, 60010, '2025-11-30'),
(90130, 40020, 60011, '2025-11-30'),
(90131, 40020, 60012, '2025-11-29'),
(90132, 40020, 60013, '2025-11-30'),
(90133, 40020, 60014, '2025-11-30'),
(90134, 40020, 60015, '2025-11-29'),
(90135, 40021, 60004, '2025-11-30'),
(90136, 40021, 60010, '2025-11-29'),
(90137, 40021, 60011, '2025-11-29'),
(90138, 40021, 60012, '2025-11-28'),
(90139, 40021, 60013, '2025-11-28'),
(90140, 40021, 60014, '2025-11-30'),
(90141, 40021, 60015, '2025-11-29'),
(90142, 40022, 60008, '2025-11-28'),
(90143, 40022, 60010, '2025-11-28'),
(90144, 40022, 60011, '2025-11-28'),
(90145, 40022, 60012, '2025-11-28'),
(90146, 40022, 60013, '2025-11-30'),
(90147, 40022, 60014, '2025-11-28'),
(90148, 40022, 60015, '2025-11-30'),
(90149, 40023, 60003, '2025-11-29'),
(90150, 40023, 60010, '2025-11-30'),
(90151, 40023, 60011, '2025-11-28'),
(90152, 40023, 60012, '2025-11-29'),
(90153, 40023, 60013, '2025-11-29'),
(90154, 40023, 60014, '2025-11-30'),
(90155, 40023, 60015, '2025-11-29'),
(90156, 40024, 60007, '2025-11-30'),
(90157, 40024, 60010, '2025-11-29'),
(90158, 40024, 60011, '2025-11-30'),
(90159, 40024, 60012, '2025-11-28'),
(90160, 40024, 60013, '2025-11-30'),
(90161, 40024, 60014, '2025-11-30'),
(90162, 40024, 60015, '2025-11-28'),
(90163, 40025, 60002, '2025-11-30'),
(90164, 40025, 60010, '2025-11-30'),
(90165, 40025, 60011, '2025-11-29'),
(90166, 40025, 60012, '2025-11-30'),
(90167, 40025, 60013, '2025-11-29'),
(90168, 40025, 60014, '2025-11-28'),
(90169, 40025, 60015, '2025-11-29'),
(90170, 40026, 60006, '2025-11-29'),
(90171, 40026, 60010, '2025-11-28'),
(90172, 40026, 60011, '2025-11-29'),
(90173, 40026, 60012, '2025-11-28'),
(90174, 40026, 60013, '2025-11-30'),
(90175, 40026, 60014, '2025-11-30'),
(90176, 40026, 60015, '2025-11-29'),
(90177, 40027, 60001, '2025-11-30'),
(90178, 40027, 60010, '2025-11-28'),
(90179, 40027, 60011, '2025-11-30'),
(90180, 40027, 60012, '2025-11-28'),
(90181, 40027, 60013, '2025-11-30'),
(90182, 40027, 60014, '2025-11-29'),
(90183, 40027, 60015, '2025-11-30'),
(90184, 40028, 60010, '2025-11-30'),
(90185, 40028, 60011, '2025-11-30'),
(90186, 40028, 60012, '2025-11-28'),
(90187, 40028, 60013, '2025-11-28'),
(90188, 40028, 60014, '2025-11-29'),
(90189, 40028, 60015, '2025-11-28'),
(90190, 40029, 60010, '2025-11-30'),
(90191, 40029, 60011, '2025-11-30'),
(90192, 40029, 60012, '2025-11-28'),
(90193, 40029, 60013, '2025-11-30'),
(90194, 40029, 60014, '2025-11-29'),
(90195, 40029, 60015, '2025-11-29'),
(90196, 40030, 60010, '2025-11-28'),
(90197, 40030, 60011, '2025-11-28'),
(90198, 40030, 60012, '2025-11-29'),
(90199, 40030, 60013, '2025-11-29'),
(90200, 40030, 60014, '2025-11-28'),
(90201, 40030, 60015, '2025-11-28'),
(90202, 40031, 60008, '2025-11-28'),
(90203, 40031, 60010, '2025-11-30'),
(90204, 40031, 60011, '2025-11-28'),
(90205, 40031, 60012, '2025-11-28'),
(90206, 40031, 60013, '2025-11-30'),
(90207, 40031, 60014, '2025-11-29'),
(90208, 40031, 60015, '2025-11-28'),
(90209, 40032, 60003, '2025-11-30'),
(90210, 40032, 60010, '2025-11-28'),
(90211, 40032, 60011, '2025-11-28'),
(90212, 40032, 60012, '2025-11-30'),
(90213, 40032, 60013, '2025-11-29'),
(90214, 40032, 60014, '2025-11-30'),
(90215, 40032, 60015, '2025-11-28'),
(90216, 40033, 60007, '2025-11-29'),
(90217, 40033, 60010, '2025-11-30'),
(90218, 40033, 60011, '2025-11-30'),
(90219, 40033, 60012, '2025-11-29'),
(90220, 40033, 60013, '2025-11-28'),
(90221, 40033, 60014, '2025-11-30'),
(90222, 40033, 60015, '2025-11-30'),
(90223, 40034, 60002, '2025-11-30'),
(90224, 40034, 60010, '2025-11-28'),
(90225, 40034, 60011, '2025-11-30'),
(90226, 40034, 60012, '2025-11-29'),
(90227, 40034, 60013, '2025-11-29'),
(90228, 40034, 60014, '2025-11-30'),
(90229, 40034, 60015, '2025-11-30'),
(90230, 40035, 60006, '2025-11-29'),
(90231, 40035, 60010, '2025-11-29'),
(90232, 40035, 60011, '2025-11-30'),
(90233, 40035, 60012, '2025-11-29'),
(90234, 40035, 60013, '2025-11-28'),
(90235, 40035, 60014, '2025-11-28'),
(90236, 40035, 60015, '2025-11-28'),
(90237, 40036, 60001, '2025-11-28'),
(90238, 40036, 60010, '2025-11-29'),
(90239, 40036, 60011, '2025-11-28'),
(90240, 40036, 60012, '2025-11-30'),
(90241, 40036, 60013, '2025-11-30'),
(90242, 40036, 60014, '2025-11-28'),
(90243, 40036, 60015, '2025-11-30'),
(90244, 40037, 60005, '2025-11-28'),
(90245, 40037, 60010, '2025-11-28'),
(90246, 40037, 60011, '2025-11-28'),
(90247, 40037, 60012, '2025-11-30'),
(90248, 40037, 60013, '2025-11-30'),
(90249, 40037, 60014, '2025-11-28'),
(90250, 40037, 60015, '2025-11-28'),
(90251, 40038, 60010, '2025-11-28'),
(90252, 40038, 60011, '2025-11-28'),
(90253, 40038, 60012, '2025-11-29'),
(90254, 40038, 60013, '2025-11-28'),
(90255, 40038, 60014, '2025-11-30'),
(90256, 40038, 60015, '2025-11-28'),
(90257, 40039, 60010, '2025-11-29'),
(90258, 40039, 60011, '2025-11-30'),
(90259, 40039, 60012, '2025-11-29'),
(90260, 40039, 60013, '2025-11-28'),
(90261, 40039, 60014, '2025-11-30'),
(90262, 40039, 60015, '2025-11-28'),
(90263, 40040, 60010, '2025-11-30'),
(90264, 40040, 60011, '2025-11-30'),
(90265, 40040, 60012, '2025-11-30'),
(90266, 40040, 60013, '2025-11-29'),
(90267, 40040, 60014, '2025-11-28'),
(90268, 40040, 60015, '2025-11-29'),
(90269, 40041, 60003, '2025-11-29'),
(90270, 40041, 60010, '2025-11-28'),
(90271, 40041, 60011, '2025-11-28'),
(90272, 40041, 60012, '2025-11-28'),
(90273, 40041, 60013, '2025-11-30'),
(90274, 40041, 60014, '2025-11-29'),
(90275, 40041, 60015, '2025-11-29'),
(90276, 40042, 60007, '2025-11-29'),
(90277, 40042, 60010, '2025-11-29'),
(90278, 40042, 60011, '2025-11-29'),
(90279, 40042, 60012, '2025-11-30'),
(90280, 40042, 60013, '2025-11-28'),
(90281, 40042, 60014, '2025-11-30'),
(90282, 40042, 60015, '2025-11-30'),
(90283, 40043, 60002, '2025-11-30'),
(90284, 40043, 60010, '2025-11-28'),
(90285, 40043, 60011, '2025-11-28'),
(90286, 40043, 60012, '2025-11-29'),
(90287, 40043, 60013, '2025-11-30'),
(90288, 40043, 60014, '2025-11-29'),
(90289, 40043, 60015, '2025-11-28'),
(90290, 40044, 60006, '2025-11-28'),
(90291, 40044, 60010, '2025-11-28'),
(90292, 40044, 60011, '2025-11-28'),
(90293, 40044, 60012, '2025-11-30'),
(90294, 40044, 60013, '2025-11-29'),
(90295, 40044, 60014, '2025-11-28'),
(90296, 40044, 60015, '2025-11-29'),
(90297, 40045, 60001, '2025-11-28'),
(90298, 40045, 60010, '2025-11-29'),
(90299, 40045, 60011, '2025-11-29'),
(90300, 40045, 60012, '2025-11-28');

INSERT INTO Registrations (Registration_Id, Attendee_Id, Schedule_Id, Registration_Date) VALUES
(90301, 40045, 60013, '2025-11-28'),
(90302, 40045, 60014, '2025-11-29'),
(90303, 40045, 60015, '2025-11-30'),
(90304, 40046, 60005, '2025-11-28'),
(90305, 40046, 60010, '2025-11-28'),
(90306, 40046, 60011, '2025-11-30'),
(90307, 40046, 60012, '2025-11-30'),
(90308, 40046, 60013, '2025-11-28'),
(90309, 40046, 60014, '2025-11-28'),
(90310, 40046, 60015, '2025-11-28'),
(90311, 40047, 60009, '2025-11-28'),
(90312, 40047, 60010, '2025-11-29'),
(90313, 40047, 60011, '2025-11-29'),
(90314, 40047, 60012, '2025-11-29'),
(90315, 40047, 60013, '2025-11-28'),
(90316, 40047, 60014, '2025-11-29'),
(90317, 40047, 60015, '2025-11-28'),
(90318, 40048, 60010, '2025-11-28'),
(90319, 40048, 60011, '2025-11-29'),
(90320, 40048, 60012, '2025-11-28'),
(90321, 40048, 60013, '2025-11-29'),
(90322, 40048, 60014, '2025-11-29'),
(90323, 40048, 60015, '2025-11-29'),
(90324, 40049, 60010, '2025-11-29'),
(90325, 40049, 60011, '2025-11-29'),
(90326, 40049, 60012, '2025-11-30'),
(90327, 40049, 60013, '2025-11-30'),
(90328, 40049, 60014, '2025-11-30'),
(90329, 40049, 60015, '2025-11-30'),
(90330, 40050, 60010, '2025-11-30'),
(90331, 40050, 60011, '2025-11-29'),
(90332, 40050, 60012, '2025-11-28'),
(90333, 40050, 60013, '2025-11-28'),
(90334, 40050, 60014, '2025-11-29'),
(90335, 40050, 60015, '2025-11-28'),
(90336, 40051, 60007, '2025-11-28'),
(90337, 40051, 60010, '2025-11-30'),
(90338, 40051, 60011, '2025-11-30'),
(90339, 40051, 60012, '2025-11-30'),
(90340, 40051, 60013, '2025-11-28'),
(90341, 40051, 60014, '2025-11-30'),
(90342, 40051, 60015, '2025-11-29'),
(90343, 40052, 60002, '2025-11-28'),
(90344, 40052, 60010, '2025-11-28'),
(90345, 40052, 60011, '2025-11-30'),
(90346, 40052, 60012, '2025-11-29'),
(90347, 40052, 60013, '2025-11-30'),
(90348, 40052, 60014, '2025-11-30'),
(90349, 40052, 60015, '2025-11-28'),
(90350, 40053, 60006, '2025-11-28'),
(90351, 40053, 60010, '2025-11-30'),
(90352, 40053, 60011, '2025-11-28'),
(90353, 40053, 60012, '2025-11-28'),
(90354, 40053, 60013, '2025-11-28'),
(90355, 40053, 60014, '2025-11-30'),
(90356, 40053, 60015, '2025-11-28'),
(90357, 40054, 60001, '2025-11-30'),
(90358, 40054, 60010, '2025-11-28'),
(90359, 40054, 60011, '2025-11-29'),
(90360, 40054, 60012, '2025-11-28'),
(90361, 40054, 60013, '2025-11-30'),
(90362, 40054, 60014, '2025-11-28'),
(90363, 40054, 60015, '2025-11-30'),
(90364, 40055, 60005, '2025-11-30'),
(90365, 40055, 60010, '2025-11-28'),
(90366, 40055, 60011, '2025-11-30'),
(90367, 40055, 60012, '2025-11-28'),
(90368, 40055, 60013, '2025-11-29'),
(90369, 40055, 60014, '2025-11-30'),
(90370, 40055, 60015, '2025-11-30'),
(90371, 40056, 60009, '2025-11-30'),
(90372, 40056, 60010, '2025-11-30'),
(90373, 40056, 60011, '2025-11-29'),
(90374, 40056, 60012, '2025-11-29'),
(90375, 40056, 60013, '2025-11-28'),
(90376, 40056, 60014, '2025-11-30'),
(90377, 40056, 60015, '2025-11-30'),
(90378, 40057, 60004, '2025-11-29'),
(90379, 40057, 60010, '2025-11-28'),
(90380, 40057, 60011, '2025-11-29'),
(90381, 40057, 60012, '2025-11-29'),
(90382, 40057, 60013, '2025-11-28'),
(90383, 40057, 60014, '2025-11-30'),
(90384, 40057, 60015, '2025-11-30'),
(90385, 40058, 60010, '2025-11-29'),
(90386, 40058, 60011, '2025-11-29'),
(90387, 40058, 60012, '2025-11-29'),
(90388, 40058, 60013, '2025-11-28'),
(90389, 40058, 60014, '2025-11-28'),
(90390, 40058, 60015, '2025-11-29'),
(90391, 40059, 60010, '2025-11-30'),
(90392, 40059, 60011, '2025-11-30'),
(90393, 40059, 60012, '2025-11-28'),
(90394, 40059, 60013, '2025-11-28'),
(90395, 40059, 60014, '2025-11-30'),
(90396, 40059, 60015, '2025-11-28'),
(90397, 40060, 60010, '2025-11-30'),
(90398, 40060, 60011, '2025-11-29'),
(90399, 40060, 60012, '2025-11-28'),
(90400, 40060, 60013, '2025-11-29'),
(90401, 40060, 60014, '2025-11-28'),
(90402, 40060, 60015, '2025-11-28'),
(90403, 40061, 60002, '2025-11-29'),
(90404, 40061, 60010, '2025-11-29'),
(90405, 40061, 60011, '2025-11-28'),
(90406, 40061, 60012, '2025-11-29'),
(90407, 40061, 60013, '2025-11-30'),
(90408, 40061, 60014, '2025-11-30'),
(90409, 40061, 60015, '2025-11-29'),
(90410, 40062, 60006, '2025-11-30'),
(90411, 40062, 60010, '2025-11-30'),
(90412, 40062, 60011, '2025-11-30'),
(90413, 40062, 60012, '2025-11-28'),
(90414, 40062, 60013, '2025-11-30'),
(90415, 40062, 60014, '2025-11-30'),
(90416, 40062, 60015, '2025-11-29'),
(90417, 40063, 60001, '2025-11-30'),
(90418, 40063, 60010, '2025-11-28'),
(90419, 40063, 60011, '2025-11-28'),
(90420, 40063, 60012, '2025-11-29'),
(90421, 40063, 60013, '2025-11-28'),
(90422, 40063, 60014, '2025-11-28'),
(90423, 40063, 60015, '2025-11-30'),
(90424, 40064, 60005, '2025-11-30'),
(90425, 40064, 60010, '2025-11-28'),
(90426, 40064, 60011, '2025-11-29'),
(90427, 40064, 60012, '2025-11-29'),
(90428, 40064, 60013, '2025-11-30'),
(90429, 40064, 60014, '2025-11-28'),
(90430, 40064, 60015, '2025-11-30'),
(90431, 40065, 60009, '2025-11-29'),
(90432, 40065, 60010, '2025-11-28'),
(90433, 40065, 60011, '2025-11-30'),
(90434, 40065, 60012, '2025-11-30'),
(90435, 40065, 60013, '2025-11-29'),
(90436, 40065, 60014, '2025-11-30'),
(90437, 40065, 60015, '2025-11-29'),
(90438, 40066, 60004, '2025-11-29'),
(90439, 40066, 60010, '2025-11-28'),
(90440, 40066, 60011, '2025-11-28'),
(90441, 40066, 60012, '2025-11-30'),
(90442, 40066, 60013, '2025-11-29'),
(90443, 40066, 60014, '2025-11-29'),
(90444, 40066, 60015, '2025-11-28'),
(90445, 40067, 60008, '2025-11-28'),
(90446, 40067, 60010, '2025-11-29'),
(90447, 40067, 60011, '2025-11-28'),
(90448, 40067, 60012, '2025-11-30'),
(90449, 40067, 60013, '2025-11-29'),
(90450, 40067, 60014, '2025-11-28'),
(90451, 40067, 60015, '2025-11-30'),
(90452, 40068, 60010, '2025-11-29'),
(90453, 40068, 60011, '2025-11-30'),
(90454, 40068, 60012, '2025-11-30'),
(90455, 40068, 60013, '2025-11-29'),
(90456, 40068, 60014, '2025-11-30'),
(90457, 40068, 60015, '2025-11-28'),
(90458, 40069, 60010, '2025-11-28'),
(90459, 40069, 60011, '2025-11-28'),
(90460, 40069, 60012, '2025-11-30'),
(90461, 40069, 60013, '2025-11-28'),
(90462, 40069, 60014, '2025-11-30'),
(90463, 40069, 60015, '2025-11-28'),
(90464, 40070, 60010, '2025-11-29'),
(90465, 40070, 60011, '2025-11-30'),
(90466, 40070, 60012, '2025-11-30'),
(90467, 40070, 60013, '2025-11-28'),
(90468, 40070, 60014, '2025-11-29'),
(90469, 40070, 60015, '2025-11-28'),
(90470, 40071, 60006, '2025-11-28'),
(90471, 40071, 60010, '2025-11-29'),
(90472, 40071, 60011, '2025-11-29'),
(90473, 40071, 60012, '2025-11-28'),
(90474, 40071, 60013, '2025-11-29'),
(90475, 40071, 60014, '2025-11-28'),
(90476, 40071, 60015, '2025-11-30'),
(90477, 40072, 60001, '2025-11-28'),
(90478, 40072, 60010, '2025-11-30'),
(90479, 40072, 60011, '2025-11-28'),
(90480, 40072, 60012, '2025-11-29'),
(90481, 40072, 60013, '2025-11-30'),
(90482, 40072, 60014, '2025-11-29'),
(90483, 40072, 60015, '2025-11-30'),
(90484, 40073, 60005, '2025-11-30'),
(90485, 40073, 60010, '2025-11-28'),
(90486, 40073, 60011, '2025-11-28'),
(90487, 40073, 60012, '2025-11-28'),
(90488, 40073, 60013, '2025-11-28'),
(90489, 40073, 60014, '2025-11-29'),
(90490, 40073, 60015, '2025-11-28'),
(90491, 40074, 60009, '2025-11-28'),
(90492, 40074, 60010, '2025-11-30'),
(90493, 40074, 60011, '2025-11-29'),
(90494, 40074, 60012, '2025-11-29'),
(90495, 40074, 60013, '2025-11-30'),
(90496, 40074, 60014, '2025-11-30'),
(90497, 40074, 60015, '2025-11-28'),
(90498, 40075, 60004, '2025-11-29'),
(90499, 40075, 60010, '2025-11-28'),
(90500, 40075, 60011, '2025-11-30'),
(90501, 40075, 60012, '2025-11-28'),
(90502, 40075, 60013, '2025-11-29'),
(90503, 40075, 60014, '2025-11-28'),
(90504, 40075, 60015, '2025-11-29'),
(90505, 40076, 60008, '2025-11-28'),
(90506, 40076, 60010, '2025-11-28'),
(90507, 40076, 60011, '2025-11-29'),
(90508, 40076, 60012, '2025-11-29'),
(90509, 40076, 60013, '2025-11-29'),
(90510, 40076, 60014, '2025-11-28'),
(90511, 40076, 60015, '2025-11-28'),
(90512, 40077, 60003, '2025-11-28'),
(90513, 40077, 60010, '2025-11-30'),
(90514, 40077, 60011, '2025-11-28'),
(90515, 40077, 60012, '2025-11-29'),
(90516, 40077, 60013, '2025-11-29'),
(90517, 40077, 60014, '2025-11-29'),
(90518, 40077, 60015, '2025-11-28'),
(90519, 40078, 60010, '2025-11-29'),
(90520, 40078, 60011, '2025-11-29'),
(90521, 40078, 60012, '2025-11-30'),
(90522, 40078, 60013, '2025-11-30'),
(90523, 40078, 60014, '2025-11-29'),
(90524, 40078, 60015, '2025-11-30'),
(90525, 40079, 60010, '2025-11-30'),
(90526, 40079, 60011, '2025-11-29'),
(90527, 40079, 60012, '2025-11-28'),
(90528, 40079, 60013, '2025-11-28'),
(90529, 40079, 60014, '2025-11-29'),
(90530, 40079, 60015, '2025-11-28'),
(90531, 40080, 60010, '2025-11-30'),
(90532, 40080, 60011, '2025-11-29'),
(90533, 40080, 60012, '2025-11-28'),
(90534, 40080, 60013, '2025-11-28'),
(90535, 40080, 60014, '2025-11-30'),
(90536, 40080, 60015, '2025-11-29'),
(90537, 40081, 60001, '2025-11-29'),
(90538, 40081, 60010, '2025-11-30'),
(90539, 40081, 60011, '2025-11-29'),
(90540, 40081, 60012, '2025-11-29'),
(90541, 40081, 60013, '2025-11-30'),
(90542, 40081, 60014, '2025-11-30'),
(90543, 40081, 60015, '2025-11-28'),
(90544, 40082, 60005, '2025-11-29'),
(90545, 40082, 60010, '2025-11-30'),
(90546, 40082, 60011, '2025-11-28'),
(90547, 40082, 60012, '2025-11-29'),
(90548, 40082, 60013, '2025-11-28'),
(90549, 40082, 60014, '2025-11-30'),
(90550, 40082, 60015, '2025-11-29'),
(90551, 40083, 60009, '2025-11-28'),
(90552, 40083, 60010, '2025-11-30'),
(90553, 40083, 60011, '2025-11-30'),
(90554, 40083, 60012, '2025-11-30'),
(90555, 40083, 60013, '2025-11-30'),
(90556, 40083, 60014, '2025-11-30'),
(90557, 40083, 60015, '2025-11-30'),
(90558, 40084, 60004, '2025-11-30'),
(90559, 40084, 60010, '2025-11-28'),
(90560, 40084, 60011, '2025-11-29'),
(90561, 40084, 60012, '2025-11-29'),
(90562, 40084, 60013, '2025-11-28'),
(90563, 40084, 60014, '2025-11-30'),
(90564, 40084, 60015, '2025-11-29'),
(90565, 40085, 60008, '2025-11-30'),
(90566, 40085, 60010, '2025-11-29'),
(90567, 40085, 60011, '2025-11-30'),
(90568, 40085, 60012, '2025-11-28'),
(90569, 40085, 60013, '2025-11-30'),
(90570, 40085, 60014, '2025-11-29'),
(90571, 40085, 60015, '2025-11-30'),
(90572, 40086, 60003, '2025-11-29'),
(90573, 40086, 60010, '2025-11-30'),
(90574, 40086, 60011, '2025-11-29'),
(90575, 40086, 60012, '2025-11-29'),
(90576, 40086, 60013, '2025-11-29'),
(90577, 40086, 60014, '2025-11-30'),
(90578, 40086, 60015, '2025-11-29'),
(90579, 40087, 60007, '2025-11-30'),
(90580, 40087, 60010, '2025-11-28'),
(90581, 40087, 60011, '2025-11-28'),
(90582, 40087, 60012, '2025-11-29'),
(90583, 40087, 60013, '2025-11-30'),
(90584, 40087, 60014, '2025-11-29'),
(90585, 40087, 60015, '2025-11-30'),
(90586, 40088, 60010, '2025-11-30'),
(90587, 40088, 60011, '2025-11-28'),
(90588, 40088, 60012, '2025-11-30'),
(90589, 40088, 60013, '2025-11-30'),
(90590, 40088, 60014, '2025-11-29'),
(90591, 40088, 60015, '2025-11-29'),
(90592, 40089, 60010, '2025-11-30'),
(90593, 40089, 60011, '2025-11-28'),
(90594, 40089, 60012, '2025-11-29'),
(90595, 40089, 60013, '2025-11-29'),
(90596, 40089, 60014, '2025-11-28'),
(90597, 40089, 60015, '2025-11-29'),
(90598, 40090, 60010, '2025-11-30'),
(90599, 40090, 60011, '2025-11-30'),
(90600, 40090, 60012, '2025-11-30');

INSERT INTO Registrations (Registration_Id, Attendee_Id, Schedule_Id, Registration_Date) VALUES
(90601, 40090, 60013, '2025-11-29'),
(90602, 40090, 60014, '2025-11-29'),
(90603, 40090, 60015, '2025-11-29'),
(90604, 40091, 60005, '2025-11-29'),
(90605, 40091, 60010, '2025-11-30'),
(90606, 40091, 60011, '2025-11-28'),
(90607, 40091, 60012, '2025-11-30'),
(90608, 40091, 60013, '2025-11-29'),
(90609, 40091, 60014, '2025-11-30'),
(90610, 40091, 60015, '2025-11-28'),
(90611, 40092, 60009, '2025-11-30'),
(90612, 40092, 60010, '2025-11-28'),
(90613, 40092, 60011, '2025-11-29'),
(90614, 40092, 60012, '2025-11-30'),
(90615, 40092, 60013, '2025-11-30'),
(90616, 40092, 60014, '2025-11-30'),
(90617, 40092, 60015, '2025-11-30'),
(90618, 40093, 60004, '2025-11-29'),
(90619, 40093, 60010, '2025-11-28'),
(90620, 40093, 60011, '2025-11-28'),
(90621, 40093, 60012, '2025-11-30'),
(90622, 40093, 60013, '2025-11-29'),
(90623, 40093, 60014, '2025-11-28'),
(90624, 40093, 60015, '2025-11-28'),
(90625, 40094, 60008, '2025-11-28'),
(90626, 40094, 60010, '2025-11-28'),
(90627, 40094, 60011, '2025-11-28'),
(90628, 40094, 60012, '2025-11-28'),
(90629, 40094, 60013, '2025-11-29'),
(90630, 40094, 60014, '2025-11-30'),
(90631, 40094, 60015, '2025-11-28'),
(90632, 40095, 60003, '2025-11-29'),
(90633, 40095, 60010, '2025-11-29'),
(90634, 40095, 60011, '2025-11-30'),
(90635, 40095, 60012, '2025-11-30'),
(90636, 40095, 60013, '2025-11-28'),
(90637, 40095, 60014, '2025-11-30'),
(90638, 40095, 60015, '2025-11-30'),
(90639, 40096, 60007, '2025-11-29'),
(90640, 40096, 60010, '2025-11-29'),
(90641, 40096, 60011, '2025-11-29'),
(90642, 40096, 60012, '2025-11-28'),
(90643, 40096, 60013, '2025-11-28'),
(90644, 40096, 60014, '2025-11-30'),
(90645, 40096, 60015, '2025-11-30'),
(90646, 40097, 60002, '2025-11-28'),
(90647, 40097, 60010, '2025-11-28'),
(90648, 40097, 60011, '2025-11-29'),
(90649, 40097, 60012, '2025-11-28'),
(90650, 40097, 60013, '2025-11-28'),
(90651, 40097, 60014, '2025-11-30'),
(90652, 40097, 60015, '2025-11-30'),
(90653, 40098, 60010, '2025-11-29'),
(90654, 40098, 60011, '2025-11-28'),
(90655, 40098, 60012, '2025-11-30'),
(90656, 40098, 60013, '2025-11-28'),
(90657, 40098, 60014, '2025-11-28'),
(90658, 40098, 60015, '2025-11-29'),
(90659, 40099, 60010, '2025-11-28'),
(90660, 40099, 60011, '2025-11-29'),
(90661, 40099, 60012, '2025-11-30'),
(90662, 40099, 60013, '2025-11-30'),
(90663, 40099, 60014, '2025-11-30'),
(90664, 40099, 60015, '2025-11-30'),
(90665, 40100, 60010, '2025-11-29'),
(90666, 40100, 60011, '2025-11-29'),
(90667, 40100, 60012, '2025-11-30'),
(90668, 40100, 60013, '2025-11-30'),
(90669, 40100, 60014, '2025-11-30'),
(90670, 40100, 60015, '2025-11-29');
